{"IsDemoWindowOpen":false,"IsConfigWindowOpen":false,"IsOutputWindowOpen":true,"IsHierarchyWindowOpen":true,"Camera":[-1,0,0,0,1,0,0,0,-1,0,0,-10,0,0,0,0,0,0],"Primitives":[[false,true,true,true,false,false,0,0,0,0,0,0,0,1,1,1,"Cube 3D","Cube",1],[false,true,true,true,false,false,0,0,0,0,0,0,0,1,1,1,"Cube 3D","Cube",2,[[false,true,true,true,false,true,0,0,0,0,0,0,0,1,1,1,"Pyramid 3D","Pyramid",3,1],[false,true,true,true,false,true,0,0,0,0,0,0,0,1,1,1,"Sphere 3D","Sphere",4,1,1,[[false,true,true,true,false,true,0,0,0,0,0,0,0,1,1,1,"Plane 3D","Plane",5,0,1,0]]]]]],"ProjectName":"New Project","TeamName":"Team Name","FPS":60,"FrameBarLimit":80,"MsBarLimit":80,"Brightness":1,"Window Width":1024,"Window Height":768,"Window Proportion Value":100,"Full Screen":false,"Full Desktop":false,"Window Resizable":true,"Window Borderless":false,"VSync":true,"Keep Proportion":false,"Camera Speed":0.5,"Camera Sens":0.30000001192092896,"Depth Test":true,"Cull Face":true,"Lighting":true,"Color Material":true,"Texture 2D":true}